k1_name;k2_name;k1_blocks_per_grid;k2_blocks_per_grid;k1_threads_per_block;k2_threads_per_block;k1_registers;k2_registers;k1_shared_mem_B;k2_shared_mem_B;classification
S_O5;S_O5;3;3;66;66;12;12;0;0;1
R_S3;R_S3;4;4;514;514;23;23;16;16;1
R_S3;P_K1;4;3;514;258;23;28;16;13312;1
R_S3;S_K4;4;10;514;258;23;8;16;16;0
R_S3;S_K1;4;10;514;258;23;14;16;2048;0
R_S3;R_T1;4;10;514;130;23;10;16;0;1
R_S3;R_S4;4;4;514;514;23;10;16;0;1
R_S3;S_L8;4;10;514;130;23;20;16;0;1
R_S3;S_J5;4;3;514;258;23;8;16;0;0
R_S3;S_O2;4;3;514;3;23;10;16;0;1
R_S3;S_O4;4;3;514;66;23;48;16;776;1
R_S3;R_E2;4;3;514;514;23;14;16;0;1
R_S3;R_P1;4;4;514;34;23;78;16;0;1
P_K1;R_S3;3;4;258;514;28;23;13312;16;1
P_K1;R_T1;3;10;258;130;28;10;13312;0;0
P_K1;R_S4;3;4;258;514;28;10;13312;0;1
S_K4;R_S3;10;4;258;514;8;23;16;16;0
S_K4;R_T1;10;10;258;130;8;10;16;0;0
S_K4;S_O4;10;3;258;66;8;48;16;776;0
S_K1;R_S3;10;4;258;514;14;23;2048;16;0
S_K1;R_T1;10;10;258;130;14;10;2048;0;0
S_K1;S_O2;10;3;258;3;14;10;2048;0;1
S_K1;S_O4;10;3;258;66;14;48;2048;776;1
R_T1;R_S3;10;4;130;514;10;23;0;16;1
R_T1;P_K1;10;3;130;258;10;28;0;13312;0
R_T1;S_K4;10;10;130;258;10;8;0;16;0
R_T1;S_K1;10;10;130;258;10;14;0;2048;0
R_T1;R_T1;10;10;130;130;10;10;0;0;1
R_T1;R_S4;10;4;130;514;10;10;0;0;1
R_T1;S_L8;10;10;130;130;10;20;0;0;0
R_T1;S_J5;10;3;130;258;10;8;0;0;0
R_T1;S_O4;10;3;130;66;10;48;0;776;1
R_T1;R_E2;10;3;130;514;10;14;0;0;0
R_T1;R_P1;10;4;130;34;10;78;0;0;1
R_S4;R_S3;4;4;514;514;10;23;0;16;1
R_S4;R_T1;4;10;514;130;10;10;0;0;1
R_S4;R_S4;4;4;514;514;10;10;0;0;1
R_S4;S_L8;4;10;514;130;10;20;0;0;0
R_S4;S_O2;4;3;514;3;10;10;0;0;0
R_S4;S_O4;4;3;514;66;10;48;0;776;1
R_S4;R_E2;4;3;514;514;10;14;0;0;0
R_S4;R_P1;4;4;514;34;10;78;0;0;1
S_L8;R_S3;10;4;130;514;20;23;0;16;1
S_L8;R_T1;10;10;130;130;20;10;0;0;0
S_L8;R_S4;10;4;130;514;20;10;0;0;0
S_L8;S_O4;10;3;130;66;20;48;0;776;1
S_L8;R_P1;10;4;130;34;20;78;0;0;1
S_J5;R_S3;3;4;258;514;8;23;0;16;0
S_J5;R_T1;3;10;258;130;8;10;0;0;0
S_J5;R_S4;3;4;258;514;8;10;0;0;0
S_J5;S_O4;3;3;258;66;8;48;0;776;1
S_O2;R_S3;3;4;3;514;10;23;0;16;1
S_O2;R_T1;3;10;3;130;10;10;0;0;0
S_O2;S_O2;3;3;3;3;10;10;0;0;1
S_O2;S_O4;3;3;3;66;10;48;0;776;1
S_O4;R_S3;3;4;66;514;48;23;776;16;1
S_O4;P_K1;3;3;66;258;48;28;776;13312;1
S_O4;S_K4;3;10;66;258;48;8;776;16;1
S_O4;S_K1;3;10;66;258;48;14;776;2048;1
S_O4;R_T1;3;10;66;130;48;10;776;0;1
S_O4;R_S4;3;4;66;514;48;10;776;0;1
S_O4;S_L8;3;10;66;130;48;20;776;0;1
S_O4;S_J5;3;3;66;258;48;8;776;0;1
S_O4;S_O2;3;3;66;3;48;10;776;0;1
S_O4;S_O4;3;3;66;66;48;48;776;776;1
S_O4;R_E2;3;3;66;514;48;14;776;0;1
S_O4;R_P1;3;4;66;34;48;78;776;0;1
R_E2;R_S3;3;4;514;514;14;23;0;16;0
R_E2;R_T1;3;10;514;130;14;10;0;0;0
R_E2;R_S4;3;4;514;514;14;10;0;0;0
R_E2;S_O4;3;3;514;66;14;48;0;776;1
R_P1;R_S3;4;4;34;514;78;23;0;16;1
R_P1;P_K1;4;3;34;258;78;28;0;13312;1
R_P1;R_T1;4;10;34;130;78;10;0;0;1
R_P1;R_S4;4;4;34;514;78;10;0;0;1
R_P1;S_O4;4;3;34;66;78;48;0;776;1
S_O5;P_E8;3;2596;66;258;12;37;0;4484;1
S_O5;R_X2;3;257;66;33;12;19;0;5120;1
S_O5;P_D1;3;271;66;122;12;40;0;0;0
S_O5;R_X1;3;257;66;33;12;21;0;6144;0
S_O5;R_H1;3;173;66;33;12;37;0;3072;0
S_O5;P_H1;3;75;66;25;12;35;0;512;1
R_N1;P_E8;3;2596;18;258;32;37;1024;4484;1
R_N1;P_I1;3;767;18;194;32;30;1024;0;1
S_J4;P_E8;3;2596;258;258;8;37;0;4484;0
R_S3;S_O1;4;258;514;66;23;63;16;512;1
R_S3;P_E8;4;2596;514;258;23;37;16;4484;1
R_S3;R_X2;4;257;514;33;23;19;16;5120;0
R_S3;R_D2;4;22;514;194;23;50;16;8728;0
R_S3;P_D1;4;271;514;122;23;40;16;0;0
R_S3;R_X1;4;257;514;33;23;21;16;6144;0
R_S3;P_J1;4;35;514;37;23;28;16;0;1
R_S3;R_H1;4;173;514;33;23;37;16;3072;0
R_S3;R_I1;4;1026;514;258;23;45;16;16;0
R_S3;P_H1;4;75;514;25;23;35;16;512;1
R_S3;P_F1;4;130;514;258;23;23;16;0;1
R_S3;P_G3;4;188;514;37;23;24;16;0;0
P_K1;P_E8;3;2596;258;258;28;37;13312;4484;1
P_K1;P_D1;3;271;258;122;28;40;13312;0;1
P_K1;P_J1;3;35;258;37;28;28;13312;0;0
P_K1;R_H1;3;173;258;33;28;37;13312;3072;0
P_K1;R_I1;3;1026;258;258;28;45;13312;16;0
P_K1;P_H1;3;75;258;25;28;35;13312;512;0
P_K1;P_F1;3;130;258;258;28;23;13312;0;0
S_K4;P_E8;10;2596;258;258;8;37;16;4484;0
S_K4;P_D1;10;271;258;122;8;40;16;0;1
S_K4;R_X1;10;257;258;33;8;21;16;6144;0
S_K4;P_J1;10;35;258;37;8;28;16;0;0
S_K4;R_H1;10;173;258;33;8;37;16;3072;0
S_K4;P_H1;10;75;258;25;8;35;16;512;0
S_K1;P_E8;10;2596;258;258;14;37;2048;4484;0
S_K1;P_D1;10;271;258;122;14;40;2048;0;1
S_K1;R_X1;10;257;258;33;14;21;2048;6144;0
S_K1;R_H1;10;173;258;33;14;37;2048;3072;0
S_K1;R_I1;10;1026;258;258;14;45;2048;16;0
S_K1;P_H1;10;75;258;25;14;35;2048;512;0
R_T1;S_O1;10;258;130;66;10;63;0;512;1
R_T1;P_E8;10;2596;130;258;10;37;0;4484;0
R_T1;R_X2;10;257;130;33;10;19;0;5120;1
R_T1;R_D2;10;22;130;194;10;50;0;8728;0
R_T1;P_D1;10;271;130;122;10;40;0;0;0
R_T1;R_X1;10;257;130;33;10;21;0;6144;0
R_T1;P_J1;10;35;130;37;10;28;0;0;0
R_T1;R_H1;10;173;130;33;10;37;0;3072;0
R_T1;R_I1;10;1026;130;258;10;45;0;16;0
R_T1;P_H1;10;75;130;25;10;35;0;512;1
R_T1;P_F1;10;130;130;258;10;23;0;0;1
R_T1;P_G3;10;188;130;37;10;24;0;0;0
R_S4;S_O1;4;258;514;66;10;63;0;512;1
R_S4;P_E8;4;2596;514;258;10;37;0;4484;0
R_S4;R_X2;4;257;514;33;10;19;0;5120;1
R_S4;R_D2;4;22;514;194;10;50;0;8728;0
R_S4;P_D1;4;271;514;122;10;40;0;0;0
R_S4;R_X1;4;257;514;33;10;21;0;6144;0
R_S4;P_J1;4;35;514;37;10;28;0;0;1
R_S4;R_H1;4;173;514;33;10;37;0;3072;0
R_S4;R_I1;4;1026;514;258;10;45;0;16;0
R_S4;P_H1;4;75;514;25;10;35;0;512;0
R_S4;P_F1;4;130;514;258;10;23;0;0;1
R_S4;P_G3;4;188;514;37;10;24;0;0;0
S_L8;S_O1;10;258;130;66;20;63;0;512;1
S_L8;R_X2;10;257;130;33;20;19;0;5120;0
S_L8;P_D1;10;271;130;122;20;40;0;0;0
S_L8;P_E2;10;2596;130;258;20;30;0;4160;1
S_L8;R_X1;10;257;130;33;20;21;0;6144;0
S_L8;P_J1;10;35;130;37;20;28;0;0;1
S_L8;R_H1;10;173;130;33;20;37;0;3072;0
S_L8;R_I1;10;1026;130;258;20;45;0;16;0
S_L8;P_H1;10;75;130;25;20;35;0;512;0
S_L8;P_F1;10;130;130;258;20;23;0;0;0
S_J5;P_E8;3;2596;258;258;8;37;0;4484;0
S_J5;P_D1;3;271;258;122;8;40;0;0;1
S_J5;R_X1;3;257;258;33;8;21;0;6144;1
S_J5;P_J1;3;35;258;37;8;28;0;0;0
S_J5;R_H1;3;173;258;33;8;37;0;3072;0
S_J5;R_I1;3;1026;258;258;8;45;0;16;0
S_J5;P_H1;3;75;258;25;8;35;0;512;0
S_O2;S_O1;3;258;3;66;10;63;0;512;0
S_O2;P_E8;3;2596;3;258;10;37;0;4484;1
S_O2;R_X2;3;257;3;33;10;19;0;5120;1
S_O2;P_D1;3;271;3;122;10;40;0;0;0
S_O2;R_X1;3;257;3;33;10;21;0;6144;0
S_O2;R_H1;3;173;3;33;10;37;0;3072;0
S_O2;P_H1;3;75;3;25;10;35;0;512;1
S_O4;S_O1;3;258;66;66;48;63;776;512;1
S_O4;P_E8;3;2596;66;258;48;37;776;4484;1
S_O4;R_X2;3;257;66;33;48;19;776;5120;1
S_O4;R_D2;3;22;66;194;48;50;776;8728;0
S_O4;P_D1;3;271;66;122;48;40;776;0;0
S_O4;P_E2;3;2596;66;258;48;30;776;4160;0
S_O4;R_X1;3;257;66;33;48;21;776;6144;0
S_O4;P_J1;3;35;66;37;48;28;776;0;1
S_O4;R_H1;3;173;66;33;48;37;776;3072;1
S_O4;R_I1;3;1026;66;258;48;45;776;16;0
S_O4;P_H1;3;75;66;25;48;35;776;512;1
S_O4;P_F1;3;130;66;258;48;23;776;0;1
S_O4;P_G3;3;188;66;37;48;24;776;0;0
R_E2;P_E8;3;2596;514;258;14;37;0;4484;0
R_E2;R_X1;3;257;514;33;14;21;0;6144;0
R_E2;P_J1;3;35;514;37;14;28;0;0;0
R_E2;R_H1;3;173;514;33;14;37;0;3072;0
R_E2;R_I1;3;1026;514;258;14;45;0;16;0
R_E2;P_H1;3;75;514;25;14;35;0;512;0
R_P1;P_E8;4;2596;34;258;78;37;0;4484;0
R_P1;R_X2;4;257;34;33;78;19;0;5120;1
R_P1;P_D1;4;271;34;122;78;40;0;0;0
R_P1;R_X1;4;257;34;33;78;21;0;6144;0
R_P1;R_H1;4;173;34;33;78;37;0;3072;0
R_P1;R_I1;4;1026;34;258;78;45;0;16;0
R_P1;P_H1;4;75;34;25;78;35;0;512;0
R_P1;P_F1;4;130;34;258;78;23;0;0;1
S_O5;P_E6;3;5190;66;514;12;9;0;0;1
S_O5;R_J4;3;125;66;34;12;13;0;4096;1
S_O5;R_J7;3;125;66;34;12;15;0;4096;1
R_N1;P_E6;3;5190;18;514;32;9;1024;0;1
R_N1;R_A1;3;6002;18;258;32;28;1024;0;1
R_N1;R_A2;3;10002;18;258;32;27;1024;0;0
S_J4;P_E6;3;5190;258;514;8;9;0;0;1
R_S3;S_J1;4;66;514;258;23;16;16;0;1
R_S3;P_C4;4;67;514;500;23;17;16;0;0
R_S3;P_E6;4;5190;514;514;23;9;16;0;1
R_S3;R_J4;4;125;514;34;23;13;16;4096;1
R_S3;R_A1;4;6002;514;258;23;28;16;0;0
R_S3;S_J6;4;66;514;258;23;12;16;16;1
R_S3;S_I1;4;66;514;258;23;12;16;0;0
R_S3;R_J7;4;125;514;34;23;15;16;4096;1
R_S3;R_B2;4;4098;514;33;23;20;16;0;0
R_S3;P_C1;4;66;514;514;23;16;16;4096;0
R_S3;S_K5;4;514;514;258;23;16;16;4224;0
P_K1;P_E6;3;5190;258;514;28;9;13312;0;1
P_K1;R_J4;3;125;258;34;28;13;13312;4096;1
S_K4;P_E6;10;5190;258;514;8;9;16;0;1
S_K4;R_J4;10;125;258;34;8;13;16;4096;1
S_K4;R_B2;10;4098;258;33;8;20;16;0;0
S_K1;P_E6;10;5190;258;514;14;9;2048;0;1
S_K1;R_J4;10;125;258;34;14;13;2048;4096;1
S_K1;R_A1;10;6002;258;258;14;28;2048;0;0
S_K1;R_B2;10;4098;258;33;14;20;2048;0;1
R_T1;S_J1;10;66;130;258;10;16;0;0;1
R_T1;P_E6;10;5190;130;514;10;9;0;0;0
R_T1;R_J4;10;125;130;34;10;13;0;4096;0
R_T1;S_I1;10;66;130;258;10;12;0;0;0
R_T1;R_J7;10;125;130;34;10;15;0;4096;1
R_T1;P_C1;10;66;130;514;10;16;0;4096;0
R_T1;S_K5;10;514;130;258;10;16;0;4224;0
R_S4;S_J1;4;66;514;258;10;16;0;0;0
R_S4;P_E6;4;5190;514;514;10;9;0;0;0
R_S4;S_J6;4;66;514;258;10;12;0;16;0
R_S4;S_I1;4;66;514;258;10;12;0;0;1
R_S4;R_J7;4;125;514;34;10;15;0;4096;0
R_S4;R_B2;4;4098;514;33;10;20;0;0;0
R_S4;P_C1;4;66;514;514;10;16;0;4096;0
R_S4;S_K5;4;514;514;258;10;16;0;4224;0
S_L8;P_E6;10;5190;130;514;20;9;0;0;1
S_L8;R_J7;10;125;130;34;20;15;0;4096;0
S_J5;P_E6;3;5190;258;514;8;9;0;0;1
S_J5;R_J4;3;125;258;34;8;13;0;4096;1
S_J5;R_B2;3;4098;258;33;8;20;0;0;0
S_O2;P_E6;3;5190;3;514;10;9;0;0;1
S_O2;R_J4;3;125;3;34;10;13;0;4096;1
S_O2;R_J7;3;125;3;34;10;15;0;4096;1
S_O4;S_J1;3;66;66;258;48;16;776;0;1
S_O4;P_C4;3;67;66;500;48;17;776;0;0
S_O4;P_E6;3;5190;66;514;48;9;776;0;1
S_O4;R_J4;3;125;66;34;48;13;776;4096;1
S_O4;S_J6;3;66;66;258;48;12;776;16;1
S_O4;S_I1;3;66;66;258;48;12;776;0;1
S_O4;R_J7;3;125;66;34;48;15;776;4096;1
S_O4;R_B2;3;4098;66;33;48;20;776;0;1
S_O4;P_C1;3;66;66;514;48;16;776;4096;0
S_O4;S_K5;3;514;66;258;48;16;776;4224;1
R_E2;P_E6;3;5190;514;514;14;9;0;0;1
R_E2;R_A1;3;6002;514;258;14;28;0;0;0
R_P1;P_E6;4;5190;34;514;78;9;0;0;0
R_P1;R_J4;4;125;34;34;78;13;0;4096;0
R_P1;R_J7;4;125;34;34;78;15;0;4096;1
R_S3;S_P15;4;110;514;130;23;24;16;0;1
R_S3;S_P4;4;34;514;130;23;40;16;0;1
R_S3;S_P5;4;110;514;130;23;40;16;0;0
R_S3;S_P38;4;34;514;130;23;48;16;0;1
R_S3;S_P16;4;110;514;130;23;36;16;0;1
R_S3;S_P37;4;34;514;130;23;40;16;0;1
R_S3;S_D3;4;130;514;66;23;56;16;4608;1
R_S3;S_P22;4;110;514;130;23;56;16;0;1
R_S3;S_D5;4;130;514;66;23;56;16;4608;1
R_S3;S_P40;4;34;514;130;23;56;16;0;1
R_S3;S_P19;4;110;514;130;23;41;16;0;1
R_S3;S_P9;4;110;514;130;23;36;16;0;0
P_K1;S_P4;3;34;258;130;28;40;13312;0;1
P_K1;S_P38;3;34;258;130;28;48;13312;0;1
S_K4;S_P4;10;34;258;130;8;40;16;0;0
S_K1;S_P4;10;34;258;130;14;40;2048;0;0
R_T1;S_P15;10;110;130;130;10;24;0;0;0
R_T1;S_P4;10;34;130;130;10;40;0;0;1
R_T1;S_P5;10;110;130;130;10;40;0;0;0
R_T1;S_P38;10;34;130;130;10;48;0;0;0
R_T1;S_P16;10;110;130;130;10;36;0;0;0
R_T1;S_P37;10;34;130;130;10;40;0;0;0
R_T1;S_D3;10;130;130;66;10;56;0;4608;0
R_T1;S_P22;10;110;130;130;10;56;0;0;0
R_T1;S_D5;10;130;130;66;10;56;0;4608;0
R_T1;S_P40;10;34;130;130;10;56;0;0;1
R_T1;S_P19;10;110;130;130;10;41;0;0;0
R_T1;S_P9;10;110;130;130;10;36;0;0;0
R_S4;S_P4;4;34;514;130;10;40;0;0;1
R_S4;S_P38;4;34;514;130;10;48;0;0;0
R_S4;S_P16;4;110;514;130;10;36;0;0;0
R_S4;S_P37;4;34;514;130;10;40;0;0;1
R_S4;S_P40;4;34;514;130;10;56;0;0;1
S_L8;S_P4;10;34;130;130;20;40;0;0;1
S_L8;S_P38;10;34;130;130;20;48;0;0;0
S_L8;S_P40;10;34;130;130;20;56;0;0;1
S_J5;S_P4;3;34;258;130;8;40;0;0;0
S_J5;S_P38;3;34;258;130;8;48;0;0;0
S_O2;S_P15;3;110;3;130;10;24;0;0;1
S_O2;S_P38;3;34;3;130;10;48;0;0;1
S_O2;S_P37;3;34;3;130;10;40;0;0;1
S_O2;S_O3;3;258;3;66;10;25;0;0;0
S_O2;S_P9;3;110;3;130;10;36;0;0;1
S_O4;S_P15;3;110;66;130;48;24;776;0;0
S_O4;S_P4;3;34;66;130;48;40;776;0;1
S_O4;S_P5;3;110;66;130;48;40;776;0;0
S_O4;S_P38;3;34;66;130;48;48;776;0;1
S_O4;S_P16;3;110;66;130;48;36;776;0;0
S_O4;S_P37;3;34;66;130;48;40;776;0;1
S_O4;S_D3;3;130;66;66;48;56;776;4608;1
S_O4;S_P22;3;110;66;130;48;56;776;0;0
S_O4;S_D5;3;130;66;66;48;56;776;4608;1
S_O4;S_P40;3;34;66;130;48;56;776;0;1
S_O4;S_P19;3;110;66;130;48;41;776;0;0
S_O4;S_O3;3;258;66;66;48;25;776;0;0
S_O4;S_P9;3;110;66;130;48;36;776;0;0
R_E2;S_P4;3;34;514;130;14;40;0;0;0
R_E2;S_P38;3;34;514;130;14;48;0;0;0
R_E2;S_P40;3;34;514;130;14;56;0;0;0
R_P1;S_P4;4;34;34;130;78;40;0;0;1
R_P1;S_P38;4;34;34;130;78;48;0;0;0
R_P1;S_P37;4;34;34;130;78;40;0;0;0
R_P1;S_P40;4;34;34;130;78;56;0;0;1
S_O1;R_S3;258;4;66;514;63;23;512;16;1
S_O1;S_K1;258;10;66;258;63;14;512;2048;1
S_O1;R_T1;258;10;66;130;63;10;512;0;1
S_O1;R_S4;258;4;66;514;63;10;512;0;0
S_O1;S_L8;258;10;66;130;63;20;512;0;1
S_O1;R_P1;258;4;66;34;63;78;512;0;0
P_E8;S_J5;2596;3;258;258;37;8;4484;0;0
P_E8;S_O2;2596;3;258;3;37;10;4484;0;1
P_E8;S_O4;2596;3;258;66;37;48;4484;776;1
P_E8;R_E2;2596;3;258;514;37;14;4484;0;1
P_E8;R_P1;2596;4;258;34;37;78;4484;0;0
R_X2;S_O5;257;3;33;66;19;12;5120;0;1
R_X2;R_S3;257;4;33;514;19;23;5120;16;0
R_X2;R_T1;257;10;33;130;19;10;5120;0;0
R_X2;R_S4;257;4;33;514;19;10;5120;0;0
R_X2;S_L8;257;10;33;130;19;20;5120;0;0
R_X2;S_O2;257;3;33;3;19;10;5120;0;1
R_X2;S_O4;257;3;33;66;19;48;5120;776;1
R_X2;R_P1;257;4;33;34;19;78;5120;0;1
R_D2;R_S3;22;4;194;514;50;23;8728;16;0
R_D2;R_T1;22;10;194;130;50;10;8728;0;0
R_D2;R_S4;22;4;194;514;50;10;8728;0;0
R_D2;S_O4;22;3;194;66;50;48;8728;776;0
P_D1;S_O5;271;3;122;66;40;12;0;0;0
P_D1;R_S3;271;4;122;514;40;23;0;16;0
P_D1;P_K1;271;3;122;258;40;28;0;13312;1
P_D1;S_K1;271;10;122;258;40;14;0;2048;1
P_D1;R_T1;271;10;122;130;40;10;0;0;0
P_D1;R_S4;271;4;122;514;40;10;0;0;0
P_D1;S_L8;271;10;122;130;40;20;0;0;0
P_D1;S_J5;271;3;122;258;40;8;0;0;1
P_D1;S_O2;271;3;122;3;40;10;0;0;0
P_D1;S_O4;271;3;122;66;40;48;0;776;0
P_D1;R_E2;271;3;122;514;40;14;0;0;1
P_D1;R_P1;271;4;122;34;40;78;0;0;0
P_E2;R_N1;2596;3;258;18;30;32;4160;1024;1
R_X1;R_S3;257;4;33;514;21;23;6144;16;0
R_X1;S_K4;257;10;33;258;21;8;6144;16;0
R_X1;R_T1;257;10;33;130;21;10;6144;0;0
R_X1;R_S4;257;4;33;514;21;10;6144;0;0
R_X1;S_J5;257;3;33;258;21;8;6144;0;0
R_X1;S_O2;257;3;33;3;21;10;6144;0;0
R_X1;S_O4;257;3;33;66;21;48;6144;776;0
R_X1;R_E2;257;3;33;514;21;14;6144;0;1
R_X1;R_P1;257;4;33;34;21;78;6144;0;0
P_I1;R_N1;767;3;194;18;30;32;0;1024;1
P_J1;R_S3;35;4;37;514;28;23;0;16;1
P_J1;P_K1;35;3;37;258;28;28;0;13312;0
P_J1;S_K4;35;10;37;258;28;8;0;16;0
P_J1;S_K1;35;10;37;258;28;14;0;2048;0
P_J1;R_T1;35;10;37;130;28;10;0;0;1
P_J1;R_S4;35;4;37;514;28;10;0;0;1
P_J1;S_L8;35;10;37;130;28;20;0;0;1
P_J1;S_J5;35;3;37;258;28;8;0;0;0
P_J1;S_O4;35;3;37;66;28;48;0;776;1
P_J1;R_E2;35;3;37;514;28;14;0;0;1
P_J1;R_P1;35;4;37;34;28;78;0;0;1
R_H1;S_O5;173;3;33;66;37;12;3072;0;0
R_H1;R_S3;173;4;33;514;37;23;3072;16;0
R_H1;P_K1;173;3;33;258;37;28;3072;13312;0
R_H1;R_T1;173;10;33;130;37;10;3072;0;0
R_H1;R_S4;173;4;33;514;37;10;3072;0;0
R_H1;S_L8;173;10;33;130;37;20;3072;0;0
R_H1;S_O2;173;3;33;3;37;10;3072;0;1
R_H1;S_O4;173;3;33;66;37;48;3072;776;1
R_H1;R_E2;173;3;33;514;37;14;3072;0;1
R_H1;R_P1;173;4;33;34;37;78;3072;0;0
R_I1;R_N1;1026;3;258;18;45;32;16;1024;1
R_I1;R_S3;1026;4;258;514;45;23;16;16;0
R_I1;P_K1;1026;3;258;258;45;28;16;13312;0
R_I1;S_K4;1026;10;258;258;45;8;16;16;0
R_I1;S_K1;1026;10;258;258;45;14;16;2048;0
R_I1;R_T1;1026;10;258;130;45;10;16;0;0
R_I1;R_S4;1026;4;258;514;45;10;16;0;0
R_I1;S_L8;1026;10;258;130;45;20;16;0;0
R_I1;S_J5;1026;3;258;258;45;8;16;0;0
R_I1;S_O4;1026;3;258;66;45;48;16;776;0
R_I1;R_E2;1026;3;258;514;45;14;16;0;1
R_I1;R_P1;1026;4;258;34;45;78;16;0;0
P_H1;S_O5;75;3;25;66;35;12;512;0;1
P_H1;R_N1;75;3;25;18;35;32;512;1024;0
P_H1;R_S3;75;4;25;514;35;23;512;16;1
P_H1;S_K4;75;10;25;258;35;8;512;16;0
P_H1;S_K1;75;10;25;258;35;14;512;2048;0
P_H1;R_T1;75;10;25;130;35;10;512;0;1
P_H1;R_S4;75;4;25;514;35;10;512;0;0
P_H1;S_L8;75;10;25;130;35;20;512;0;0
P_H1;S_O2;75;3;25;3;35;10;512;0;1
P_H1;S_O4;75;3;25;66;35;48;512;776;1
P_H1;R_E2;75;3;25;514;35;14;512;0;0
P_H1;R_P1;75;4;25;34;35;78;512;0;0
P_F1;R_S3;130;4;258;514;23;23;0;16;1
P_F1;P_K1;130;3;258;258;23;28;0;13312;0
P_F1;R_T1;130;10;258;130;23;10;0;0;1
P_F1;R_S4;130;4;258;514;23;10;0;0;1
P_F1;S_L8;130;10;258;130;23;20;0;0;0
P_F1;S_O4;130;3;258;66;23;48;0;776;1
P_G3;R_S3;188;4;37;514;24;23;0;16;0
P_G3;R_T1;188;10;37;130;24;10;0;0;0
P_G3;R_S4;188;4;37;514;24;10;0;0;0
P_G3;S_O4;188;3;37;66;24;48;0;776;0
S_O1;S_O1;258;258;66;66;63;63;512;512;1
S_O1;P_E8;258;2596;66;258;63;37;512;4484;1
S_O1;R_X2;258;257;66;33;63;19;512;5120;1
S_O1;R_D2;258;22;66;194;63;50;512;8728;1
S_O1;P_D1;258;271;66;122;63;40;512;0;0
S_O1;R_X1;258;257;66;33;63;21;512;6144;1
S_O1;P_J1;258;35;66;37;63;28;512;0;0
S_O1;R_H1;258;173;66;33;63;37;512;3072;1
S_O1;P_H1;258;75;66;25;63;35;512;512;1
S_O1;P_F1;258;130;66;258;63;23;512;0;1
S_O1;P_G3;258;188;66;37;63;24;512;0;0
P_E8;S_O1;2596;258;258;66;37;63;4484;512;1
P_E8;P_E8;2596;2596;258;258;37;37;4484;4484;1
P_E8;R_X2;2596;257;258;33;37;19;4484;5120;1
P_E8;R_D2;2596;22;258;194;37;50;4484;8728;1
P_E8;P_D1;2596;271;258;122;37;40;4484;0;1
P_E8;P_E2;2596;2596;258;258;37;30;4484;4160;1
P_E8;R_X1;2596;257;258;33;37;21;4484;6144;1
P_E8;P_I1;2596;767;258;194;37;30;4484;0;1
P_E8;P_J1;2596;35;258;37;37;28;4484;0;0
P_E8;R_H1;2596;173;258;33;37;37;4484;3072;1
P_E8;R_I1;2596;1026;258;258;37;45;4484;16;1
P_E8;P_H1;2596;75;258;25;37;35;4484;512;0
P_E8;S_M1;2596;67;258;258;37;32;4484;0;0
P_E8;P_F1;2596;130;258;258;37;23;4484;0;0
P_E8;P_G3;2596;188;258;37;37;24;4484;0;1
R_X2;S_O1;257;258;33;66;19;63;5120;512;1
R_X2;P_E8;257;2596;33;258;19;37;5120;4484;1
R_X2;R_X2;257;257;33;33;19;19;5120;5120;1
R_X2;R_D2;257;22;33;194;19;50;5120;8728;0
R_X2;P_D1;257;271;33;122;19;40;5120;0;0
R_X2;R_X1;257;257;33;33;19;21;5120;6144;0
R_X2;P_J1;257;35;33;37;19;28;5120;0;1
R_X2;R_H1;257;173;33;33;19;37;5120;3072;0
R_X2;R_I1;257;1026;33;258;19;45;5120;16;0
R_X2;P_H1;257;75;33;25;19;35;5120;512;0
R_X2;P_G3;257;188;33;37;19;24;5120;0;0
R_D2;S_O1;22;258;194;66;50;63;8728;512;1
R_D2;P_E8;22;2596;194;258;50;37;8728;4484;1
R_D2;P_D1;22;271;194;122;50;40;8728;0;0
R_D2;R_X1;22;257;194;33;50;21;8728;6144;0
R_D2;P_J1;22;35;194;37;50;28;8728;0;0
R_D2;R_H1;22;173;194;33;50;37;8728;3072;0
R_D2;R_I1;22;1026;194;258;50;45;8728;16;1
R_D2;P_H1;22;75;194;25;50;35;8728;512;0
P_D1;S_O1;271;258;122;66;40;63;0;512;0
P_D1;P_E8;271;2596;122;258;40;37;0;4484;1
P_D1;R_D2;271;22;122;194;40;50;0;8728;0
P_D1;P_D1;271;271;122;122;40;40;0;0;0
P_D1;P_E2;271;2596;122;258;40;30;0;4160;1
P_D1;R_X1;271;257;122;33;40;21;0;6144;0
P_D1;P_I1;271;767;122;194;40;30;0;0;0
P_D1;P_J1;271;35;122;37;40;28;0;0;0
P_D1;R_H1;271;173;122;33;40;37;0;3072;1
P_D1;R_I1;271;1026;122;258;40;45;0;16;1
P_D1;P_H1;271;75;122;25;40;35;0;512;1
P_D1;P_F1;271;130;122;258;40;23;0;0;0
P_D1;P_G3;271;188;122;37;40;24;0;0;0
P_E2;P_E8;2596;2596;258;258;30;37;4160;4484;1
P_E2;P_E2;2596;2596;258;258;30;30;4160;4160;0
P_E2;P_I1;2596;767;258;194;30;30;4160;0;1
P_E2;P_H1;2596;75;258;25;30;35;4160;512;0
R_X1;S_O1;257;258;33;66;21;63;6144;512;0
R_X1;P_E8;257;2596;33;258;21;37;6144;4484;1
R_X1;R_X2;257;257;33;33;21;19;6144;5120;1
R_X1;R_D2;257;22;33;194;21;50;6144;8728;0
R_X1;P_D1;257;271;33;122;21;40;6144;0;0
R_X1;R_X1;257;257;33;33;21;21;6144;6144;0
R_X1;P_J1;257;35;33;37;21;28;6144;0;0
R_X1;R_H1;257;173;33;33;21;37;6144;3072;0
R_X1;R_I1;257;1026;33;258;21;45;6144;16;0
R_X1;P_H1;257;75;33;25;21;35;6144;512;0
R_X1;P_G3;257;188;33;37;21;24;6144;0;0
P_I1;P_E8;767;2596;194;258;30;37;0;4484;1
P_I1;P_D1;767;271;194;122;30;40;0;0;0
P_I1;P_I1;767;767;194;194;30;30;0;0;1
P_J1;S_O1;35;258;37;66;28;63;0;512;0
P_J1;P_E8;35;2596;37;258;28;37;0;4484;1
P_J1;R_X2;35;257;37;33;28;19;0;5120;1
P_J1;R_D2;35;22;37;194;28;50;0;8728;1
P_J1;P_D1;35;271;37;122;28;40;0;0;0
P_J1;R_X1;35;257;37;33;28;21;0;6144;0
P_J1;P_J1;35;35;37;37;28;28;0;0;1
P_J1;R_H1;35;173;37;33;28;37;0;3072;0
P_J1;R_I1;35;1026;37;258;28;45;0;16;0
P_J1;P_H1;35;75;37;25;28;35;0;512;1
P_J1;P_F1;35;130;37;258;28;23;0;0;1
R_H1;S_O1;173;258;33;66;37;63;3072;512;1
R_H1;P_E8;173;2596;33;258;37;37;3072;4484;1
R_H1;R_X2;173;257;33;33;37;19;3072;5120;0
R_H1;R_D2;173;22;33;194;37;50;3072;8728;0
R_H1;P_D1;173;271;33;122;37;40;3072;0;1
R_H1;R_X1;173;257;33;33;37;21;3072;6144;0
R_H1;P_I1;173;767;33;194;37;30;3072;0;0
R_H1;P_J1;173;35;33;37;37;28;3072;0;0
R_H1;R_H1;173;173;33;33;37;37;3072;3072;0
R_H1;R_I1;173;1026;33;258;37;45;3072;16;0
R_H1;P_H1;173;75;33;25;37;35;3072;512;0
R_H1;P_F1;173;130;33;258;37;23;3072;0;0
R_H1;P_G3;173;188;33;37;37;24;3072;0;0
R_I1;S_O1;1026;258;258;66;45;63;16;512;0
R_I1;P_E8;1026;2596;258;258;45;37;16;4484;1
R_I1;R_X2;1026;257;258;33;45;19;16;5120;1
R_I1;R_D2;1026;22;258;194;45;50;16;8728;1
R_I1;P_D1;1026;271;258;122;45;40;16;0;1
R_I1;P_E2;1026;2596;258;258;45;30;16;4160;1
R_I1;P_J1;1026;35;258;37;45;28;16;0;0
R_I1;R_H1;1026;173;258;33;45;37;16;3072;0
R_I1;R_I1;1026;1026;258;258;45;45;16;16;0
R_I1;P_H1;1026;75;258;25;45;35;16;512;0
R_I1;P_F1;1026;130;258;258;45;23;16;0;0
R_I1;P_G3;1026;188;258;37;45;24;16;0;1
P_H1;S_O1;75;258;25;66;35;63;512;512;1
P_H1;P_E8;75;2596;25;258;35;37;512;4484;0
P_H1;R_X2;75;257;25;33;35;19;512;5120;0
P_H1;R_D2;75;22;25;194;35;50;512;8728;0
P_H1;P_D1;75;271;25;122;35;40;512;0;0
P_H1;R_X1;75;257;25;33;35;21;512;6144;0
P_H1;P_I1;75;767;25;194;35;30;512;0;0
P_H1;P_J1;75;35;25;37;35;28;512;0;1
P_H1;R_H1;75;173;25;33;35;37;512;3072;0
P_H1;R_I1;75;1026;25;258;35;45;512;16;0
P_H1;P_H1;75;75;25;25;35;35;512;512;0
P_H1;P_F1;75;130;25;258;35;23;512;0;0
P_H1;P_G3;75;188;25;37;35;24;512;0;1
S_M1;P_E8;67;2596;258;258;32;37;0;4484;0
P_F1;S_O1;130;258;258;66;23;63;0;512;1
P_F1;P_E8;130;2596;258;258;23;37;0;4484;0
P_F1;P_D1;130;271;258;122;23;40;0;0;0
P_F1;P_E2;130;2596;258;258;23;30;0;4160;0
P_F1;P_J1;130;35;258;37;23;28;0;0;1
P_F1;R_H1;130;173;258;33;23;37;0;3072;0
P_F1;R_I1;130;1026;258;258;23;45;0;16;0
P_F1;P_H1;130;75;258;25;23;35;0;512;0
P_F1;P_F1;130;130;258;258;23;23;0;0;0
P_G3;S_O1;188;258;37;66;24;63;0;512;0
P_G3;P_E8;188;2596;37;258;24;37;0;4484;1
P_G3;R_X2;188;257;37;33;24;19;0;5120;0
P_G3;P_D1;188;271;37;122;24;40;0;0;0
P_G3;R_X1;188;257;37;33;24;21;0;6144;0
P_G3;P_J1;188;35;37;37;24;28;0;0;1
P_G3;R_H1;188;173;37;33;24;37;0;3072;0
P_G3;R_I1;188;1026;37;258;24;45;0;16;1
P_G3;P_H1;188;75;37;25;24;35;0;512;1
S_O1;P_C4;258;67;66;500;63;17;512;0;0
S_O1;P_E6;258;5190;66;514;63;9;512;0;0
S_O1;R_J4;258;125;66;34;63;13;512;4096;1
S_O1;S_I1;258;66;66;258;63;12;512;0;1
S_O1;R_J7;258;125;66;34;63;15;512;4096;1
S_O1;R_B2;258;4098;66;33;63;20;512;0;1
S_O1;P_C1;258;66;66;514;63;16;512;4096;0
S_O1;S_K5;258;514;66;258;63;16;512;4224;1
P_E8;S_J1;2596;66;258;258;37;16;4484;0;0
P_E8;P_C4;2596;67;258;500;37;17;4484;0;1
P_E8;P_E6;2596;5190;258;514;37;9;4484;0;1
P_E8;R_J4;2596;125;258;34;37;13;4484;4096;0
P_E8;R_A1;2596;6002;258;258;37;28;4484;0;0
P_E8;S_J6;2596;66;258;258;37;12;4484;16;1
P_E8;S_I1;2596;66;258;258;37;12;4484;0;0
P_E8;R_J7;2596;125;258;34;37;15;4484;4096;0
P_E8;S_I2;2596;66;258;258;37;14;4484;0;0
P_E8;S_L1;2596;258;258;130;37;28;4484;512;0
P_E8;R_A2;2596;10002;258;258;37;27;4484;0;0
P_E8;R_B2;2596;4098;258;33;37;20;4484;0;1
P_E8;P_C1;2596;66;258;514;37;16;4484;4096;0
P_E8;S_K5;2596;514;258;258;37;16;4484;4224;0
R_X2;P_C4;257;67;33;500;19;17;5120;0;0
R_X2;P_E6;257;5190;33;514;19;9;5120;0;1
R_X2;R_J4;257;125;33;34;19;13;5120;4096;1
R_X2;S_J6;257;66;33;258;19;12;5120;16;0
R_X2;R_J7;257;125;33;34;19;15;5120;4096;0
R_X2;R_B2;257;4098;33;33;19;20;5120;0;0
R_D2;P_E6;22;5190;194;514;50;9;8728;0;1
R_D2;R_J4;22;125;194;34;50;13;8728;4096;1
R_D2;R_J7;22;125;194;34;50;15;8728;4096;0
R_D2;R_B2;22;4098;194;33;50;20;8728;0;0
P_D1;S_J1;271;66;122;258;40;16;0;0;1
P_D1;P_C4;271;67;122;500;40;17;0;0;0
P_D1;P_E6;271;5190;122;514;40;9;0;0;1
P_D1;R_J4;271;125;122;34;40;13;0;4096;0
P_D1;R_A1;271;6002;122;258;40;28;0;0;1
P_D1;S_I1;271;66;122;258;40;12;0;0;1
P_D1;R_J7;271;125;122;34;40;15;0;4096;0
P_D1;S_I2;271;66;122;258;40;14;0;0;1
P_D1;S_L1;271;258;122;130;40;28;0;512;1
P_D1;R_A2;271;10002;122;258;40;27;0;0;1
P_D1;R_B2;271;4098;122;33;40;20;0;0;0
P_D1;P_C1;271;66;122;514;40;16;0;4096;1
P_D1;S_K5;271;514;122;258;40;16;0;4224;0
P_E2;P_E6;2596;5190;258;514;30;9;4160;0;1
P_E2;R_A1;2596;6002;258;258;30;28;4160;0;0
P_E2;S_J6;2596;66;258;258;30;12;4160;16;0
P_E2;R_J7;2596;125;258;34;30;15;4160;4096;0
P_E2;R_B2;2596;4098;258;33;30;20;4160;0;1
R_X1;S_J1;257;66;33;258;21;16;6144;0;0
R_X1;P_C4;257;67;33;500;21;17;6144;0;0
R_X1;P_E6;257;5190;33;514;21;9;6144;0;1
R_X1;R_J4;257;125;33;34;21;13;6144;4096;0
R_X1;S_J6;257;66;33;258;21;12;6144;16;0
R_X1;S_I1;257;66;33;258;21;12;6144;0;0
R_X1;R_J7;257;125;33;34;21;15;6144;4096;0
R_X1;S_L1;257;258;33;130;21;28;6144;512;0
R_X1;R_B2;257;4098;33;33;21;20;6144;0;0
R_X1;P_C1;257;66;33;514;21;16;6144;4096;0
R_X1;S_K5;257;514;33;258;21;16;6144;4224;0
P_I1;P_E6;767;5190;194;514;30;9;0;0;0
P_I1;R_J4;767;125;194;34;30;13;0;4096;0
P_I1;R_A1;767;6002;194;258;30;28;0;0;0
P_I1;R_A2;767;10002;194;258;30;27;0;0;0
P_J1;S_J1;35;66;37;258;28;16;0;0;0
P_J1;P_E6;35;5190;37;514;28;9;0;0;0
P_J1;R_J4;35;125;37;34;28;13;0;4096;1
P_J1;R_A1;35;6002;37;258;28;28;0;0;0
P_J1;S_J6;35;66;37;258;28;12;0;16;0
P_J1;S_I1;35;66;37;258;28;12;0;0;0
P_J1;R_J7;35;125;37;34;28;15;0;4096;0
P_J1;R_B2;35;4098;37;33;28;20;0;0;0
P_J1;S_K5;35;514;37;258;28;16;0;4224;0
R_H1;S_J1;173;66;33;258;37;16;3072;0;0
R_H1;P_C4;173;67;33;500;37;17;3072;0;1
R_H1;P_E6;173;5190;33;514;37;9;3072;0;1
R_H1;R_J4;173;125;33;34;37;13;3072;4096;0
R_H1;R_A1;173;6002;33;258;37;28;3072;0;0
R_H1;S_J6;173;66;33;258;37;12;3072;16;0
R_H1;R_J7;173;125;33;34;37;15;3072;4096;0
R_H1;S_I2;173;66;33;258;37;14;3072;0;0
R_H1;S_L1;173;258;33;130;37;28;3072;512;0
R_H1;R_A2;173;10002;33;258;37;27;3072;0;0
R_H1;R_B2;173;4098;33;33;37;20;3072;0;0
R_H1;P_C1;173;66;33;514;37;16;3072;4096;0
R_H1;S_K5;173;514;33;258;37;16;3072;4224;0
R_I1;S_J1;1026;66;258;258;45;16;16;0;0
R_I1;P_E6;1026;5190;258;514;45;9;16;0;1
R_I1;R_J4;1026;125;258;34;45;13;16;4096;1
R_I1;S_J6;1026;66;258;258;45;12;16;16;0
R_I1;R_J7;1026;125;258;34;45;15;16;4096;0
R_I1;R_B2;1026;4098;258;33;45;20;16;0;1
R_I1;S_K5;1026;514;258;258;45;16;16;4224;0
P_H1;S_J1;75;66;25;258;35;16;512;0;0
P_H1;P_C4;75;67;25;500;35;17;512;0;0
P_H1;P_E6;75;5190;25;514;35;9;512;0;0
P_H1;R_J4;75;125;25;34;35;13;512;4096;1
P_H1;R_A1;75;6002;25;258;35;28;512;0;0
P_H1;S_J6;75;66;25;258;35;12;512;16;0
P_H1;S_I1;75;66;25;258;35;12;512;0;0
P_H1;R_J7;75;125;25;34;35;15;512;4096;1
P_H1;S_I2;75;66;25;258;35;14;512;0;0
P_H1;S_L1;75;258;25;130;35;28;512;512;0
P_H1;R_A2;75;10002;25;258;35;27;512;0;0
P_H1;R_B2;75;4098;25;33;35;20;512;0;0
P_H1;P_C1;75;66;25;514;35;16;512;4096;0
P_H1;S_K5;75;514;25;258;35;16;512;4224;0
S_M1;P_E6;67;5190;258;514;32;9;0;0;1
P_F1;P_E6;130;5190;258;514;23;9;0;0;0
P_F1;R_J4;130;125;258;34;23;13;0;4096;1
P_F1;R_J7;130;125;258;34;23;15;0;4096;1
P_F1;R_B2;130;4098;258;33;23;20;0;0;0
P_G3;P_E6;188;5190;37;514;24;9;0;0;0
P_G3;R_J4;188;125;37;34;24;13;0;4096;0
P_G3;R_J7;188;125;37;34;24;15;0;4096;0
P_G3;R_B2;188;4098;37;33;24;20;0;0;0
S_O1;S_P15;258;110;66;130;63;24;512;0;0
S_O1;S_P4;258;34;66;130;63;40;512;0;1
S_O1;S_P38;258;34;66;130;63;48;512;0;1
S_O1;S_P37;258;34;66;130;63;40;512;0;1
S_O1;S_D3;258;130;66;66;63;56;512;4608;1
S_O1;S_P40;258;34;66;130;63;56;512;0;1
S_O1;S_P19;258;110;66;130;63;41;512;0;0
S_O1;S_O3;258;258;66;66;63;25;512;0;0
S_O1;S_P9;258;110;66;130;63;36;512;0;0
P_E8;S_P15;2596;110;258;130;37;24;4484;0;1
P_E8;S_P5;2596;110;258;130;37;40;4484;0;1
P_E8;S_E2;2596;17;258;21;37;48;4484;4352;0
P_E8;S_E4;2596;17;258;21;37;48;4484;4352;1
P_E8;S_P38;2596;34;258;130;37;48;4484;0;1
P_E8;S_P16;2596;110;258;130;37;36;4484;0;0
P_E8;S_P37;2596;34;258;130;37;40;4484;0;1
P_E8;S_D3;2596;130;258;66;37;56;4484;4608;1
P_E8;S_P22;2596;110;258;130;37;56;4484;0;1
P_E8;S_D5;2596;130;258;66;37;56;4484;4608;1
P_E8;S_P40;2596;34;258;130;37;56;4484;0;1
P_E8;S_P19;2596;110;258;130;37;41;4484;0;1
P_E8;S_O3;2596;258;258;66;37;25;4484;0;1
P_E8;S_P9;2596;110;258;130;37;36;4484;0;1
R_X2;S_P15;257;110;33;130;19;24;5120;0;0
R_X2;S_P4;257;34;33;130;19;40;5120;0;1
R_X2;S_P38;257;34;33;130;19;48;5120;0;1
R_X2;S_P16;257;110;33;130;19;36;5120;0;0
R_X2;S_P37;257;34;33;130;19;40;5120;0;1
R_X2;S_P22;257;110;33;130;19;56;5120;0;0
R_X2;S_D5;257;130;33;66;19;56;5120;4608;0
R_X2;S_P40;257;34;33;130;19;56;5120;0;1
R_X2;S_P19;257;110;33;130;19;41;5120;0;0
R_X2;S_P9;257;110;33;130;19;36;5120;0;0
R_D2;S_P15;22;110;194;130;50;24;8728;0;1
R_D2;S_P4;22;34;194;130;50;40;8728;0;1
R_D2;S_P38;22;34;194;130;50;48;8728;0;1
R_D2;S_P37;22;34;194;130;50;40;8728;0;1
R_D2;S_P40;22;34;194;130;50;56;8728;0;1
P_D1;S_P4;271;34;122;130;40;40;0;0;1
P_D1;S_P38;271;34;122;130;40;48;0;0;0
P_D1;S_P37;271;34;122;130;40;40;0;0;0
P_D1;S_P22;271;110;122;130;40;56;0;0;0
P_D1;S_P40;271;34;122;130;40;56;0;0;0
P_D1;S_O3;271;258;122;66;40;25;0;0;0
P_E2;S_P38;2596;34;258;130;30;48;4160;0;0
R_X1;S_P15;257;110;33;130;21;24;6144;0;0
R_X1;S_P4;257;34;33;130;21;40;6144;0;0
R_X1;S_P5;257;110;33;130;21;40;6144;0;0
R_X1;S_P38;257;34;33;130;21;48;6144;0;0
R_X1;S_P16;257;110;33;130;21;36;6144;0;0
R_X1;S_P37;257;34;33;130;21;40;6144;0;0
R_X1;S_D3;257;130;33;66;21;56;6144;4608;0
R_X1;S_P22;257;110;33;130;21;56;6144;0;0
R_X1;S_P40;257;34;33;130;21;56;6144;0;0
R_X1;S_P19;257;110;33;130;21;41;6144;0;0
R_X1;S_O3;257;258;33;66;21;25;6144;0;0
P_J1;S_P4;35;34;37;130;28;40;0;0;1
P_J1;S_P38;35;34;37;130;28;48;0;0;1
P_J1;S_P37;35;34;37;130;28;40;0;0;1
P_J1;S_P40;35;34;37;130;28;56;0;0;1
R_H1;S_P38;173;34;33;130;37;48;3072;0;1
R_H1;S_P16;173;110;33;130;37;36;3072;0;0
R_H1;S_P37;173;34;33;130;37;40;3072;0;1
R_H1;S_D3;173;130;33;66;37;56;3072;4608;0
R_H1;S_D5;173;130;33;66;37;56;3072;4608;0
R_H1;S_P40;173;34;33;130;37;56;3072;0;1
R_H1;S_P19;173;110;33;130;37;41;3072;0;0
R_H1;S_O3;173;258;33;66;37;25;3072;0;0
R_H1;S_P9;173;110;33;130;37;36;3072;0;0
R_I1;S_P15;1026;110;258;130;45;24;16;0;1
R_I1;S_P4;1026;34;258;130;45;40;16;0;1
R_I1;S_P5;1026;110;258;130;45;40;16;0;0
R_I1;S_P38;1026;34;258;130;45;48;16;0;1
R_I1;S_P16;1026;110;258;130;45;36;16;0;1
R_I1;S_P37;1026;34;258;130;45;40;16;0;1
R_I1;S_D3;1026;130;258;66;45;56;16;4608;0
R_I1;S_P22;1026;110;258;130;45;56;16;0;1
R_I1;S_D5;1026;130;258;66;45;56;16;4608;0
R_I1;S_P40;1026;34;258;130;45;56;16;0;1
R_I1;S_P9;1026;110;258;130;45;36;16;0;1
P_H1;S_P15;75;110;25;130;35;24;512;0;0
P_H1;S_P4;75;34;25;130;35;40;512;0;1
P_H1;S_P5;75;110;25;130;35;40;512;0;0
P_H1;S_E2;75;17;25;21;35;48;512;4352;0
P_H1;S_E4;75;17;25;21;35;48;512;4352;0
P_H1;S_P38;75;34;25;130;35;48;512;0;1
P_H1;S_P37;75;34;25;130;35;40;512;0;1
P_H1;S_D3;75;130;25;66;35;56;512;4608;0
P_H1;S_P22;75;110;25;130;35;56;512;0;0
P_H1;S_D5;75;130;25;66;35;56;512;4608;0
P_H1;S_P40;75;34;25;130;35;56;512;0;1
P_H1;S_P19;75;110;25;130;35;41;512;0;0
P_H1;S_O3;75;258;25;66;35;25;512;0;1
P_H1;S_P9;75;110;25;130;35;36;512;0;0
P_F1;S_P4;130;34;258;130;23;40;0;0;1
P_F1;S_P38;130;34;258;130;23;48;0;0;1
P_F1;S_P37;130;34;258;130;23;40;0;0;1
P_F1;S_P40;130;34;258;130;23;56;0;0;1
P_G3;S_P4;188;34;37;130;24;40;0;0;1
P_G3;S_P38;188;34;37;130;24;48;0;0;1
P_G3;S_P37;188;34;37;130;24;40;0;0;1
P_G3;S_P40;188;34;37;130;24;56;0;0;1
S_J1;P_K1;66;3;258;258;16;28;0;13312;0
S_J1;R_T1;66;10;258;130;16;10;0;0;1
S_J1;S_L8;66;10;258;130;16;20;0;0;1
S_J1;S_O2;66;3;258;3;16;10;0;0;1
P_C4;R_S4;67;4;500;514;17;10;0;0;0
P_C4;S_O4;67;3;500;66;17;48;0;776;0
P_C4;R_P1;67;4;500;34;17;78;0;0;0
P_E6;P_K1;5190;3;514;258;9;28;0;13312;1
P_E6;S_K1;5190;10;514;258;9;14;0;2048;1
P_E6;S_O4;5190;3;514;66;9;48;0;776;1
P_E6;R_E2;5190;3;514;514;9;14;0;0;1
P_E6;R_P1;5190;4;514;34;9;78;0;0;0
R_J4;S_O5;125;3;34;66;13;12;4096;0;1
R_J4;R_N1;125;3;34;18;13;32;4096;1024;1
R_J4;R_S3;125;4;34;514;13;23;4096;16;0
R_J4;P_K1;125;3;34;258;13;28;4096;13312;1
R_J4;S_K4;125;10;34;258;13;8;4096;16;0
R_J4;S_K1;125;10;34;258;13;14;4096;2048;1
R_J4;R_T1;125;10;34;130;13;10;4096;0;0
R_J4;R_S4;125;4;34;514;13;10;4096;0;0
R_J4;S_L8;125;10;34;130;13;20;4096;0;1
R_J4;S_J5;125;3;34;258;13;8;4096;0;1
R_J4;S_O2;125;3;34;3;13;10;4096;0;1
R_J4;S_O4;125;3;34;66;13;48;4096;776;1
R_J4;R_E2;125;3;34;514;13;14;4096;0;1
R_J4;R_P1;125;4;34;34;13;78;4096;0;0
R_A1;R_N1;6002;3;258;18;28;32;0;1024;1
R_A1;R_S3;6002;4;258;514;28;23;0;16;0
R_A1;P_K1;6002;3;258;258;28;28;0;13312;0
R_A1;S_K1;6002;10;258;258;28;14;0;2048;0
S_J6;R_S3;66;4;258;514;12;23;16;16;1
S_J6;R_S4;66;4;258;514;12;10;16;0;0
S_J6;S_O4;66;3;258;66;12;48;16;776;1
S_I1;R_S3;66;4;258;514;12;23;0;16;1
S_I1;R_T1;66;10;258;130;12;10;0;0;0
S_I1;S_O4;66;3;258;66;12;48;0;776;1
R_J7;S_O5;125;3;34;66;15;12;4096;0;1
R_J7;R_S3;125;4;34;514;15;23;4096;16;1
R_J7;P_K1;125;3;34;258;15;28;4096;13312;0
R_J7;R_T1;125;10;34;130;15;10;4096;0;1
R_J7;R_S4;125;4;34;514;15;10;4096;0;0
R_J7;S_J5;125;3;34;258;15;8;4096;0;0
R_J7;S_O2;125;3;34;3;15;10;4096;0;1
R_J7;S_O4;125;3;34;66;15;48;4096;776;1
R_J7;R_P1;125;4;34;34;15;78;4096;0;1
R_A2;R_N1;10002;3;258;18;27;32;0;1024;1
R_A2;R_T1;10002;10;258;130;27;10;0;0;0
R_B2;R_N1;4098;3;33;18;20;32;0;1024;1
R_B2;R_S3;4098;4;33;514;20;23;0;16;0
R_B2;S_K4;4098;10;33;258;20;8;0;16;1
R_B2;R_S4;4098;4;33;514;20;10;0;0;0
R_B2;S_J5;4098;3;33;258;20;8;0;0;1
R_B2;S_O2;4098;3;33;3;20;10;0;0;1
R_B2;S_O4;4098;3;33;66;20;48;0;776;1
R_B2;R_E2;4098;3;33;514;20;14;0;0;0
R_B2;R_P1;4098;4;33;34;20;78;0;0;0
P_C1;R_N1;66;3;514;18;16;32;4096;1024;1
P_C1;S_O4;66;3;514;66;16;48;4096;776;0
S_K5;R_S3;514;4;258;514;16;23;4224;16;0
S_K5;R_T1;514;10;258;130;16;10;4224;0;0
S_K5;R_S4;514;4;258;514;16;10;4224;0;0
S_K5;S_O4;514;3;258;66;16;48;4224;776;1
S_J1;S_O1;66;258;258;66;16;63;0;512;1
S_J1;P_E8;66;2596;258;258;16;37;0;4484;0
S_J1;P_D1;66;271;258;122;16;40;0;0;1
S_J1;R_X1;66;257;258;33;16;21;0;6144;0
S_J1;P_J1;66;35;258;37;16;28;0;0;0
S_J1;R_H1;66;173;258;33;16;37;0;3072;0
S_J1;R_I1;66;1026;258;258;16;45;0;16;0
S_J1;P_H1;66;75;258;25;16;35;0;512;0
P_C4;S_O1;67;258;500;66;17;63;0;512;0
P_C4;P_E8;67;2596;500;258;17;37;0;4484;1
P_C4;R_X2;67;257;500;33;17;19;0;5120;1
P_C4;P_D1;67;271;500;122;17;40;0;0;0
P_C4;R_X1;67;257;500;33;17;21;0;6144;0
P_C4;R_H1;67;173;500;33;17;37;0;3072;0
P_C4;P_H1;67;75;500;25;17;35;0;512;0
P_E6;S_O1;5190;258;514;66;9;63;0;512;0
P_E6;P_E8;5190;2596;514;258;9;37;0;4484;1
P_E6;R_X2;5190;257;514;33;9;19;0;5120;1
P_E6;R_D2;5190;22;514;194;9;50;0;8728;1
P_E6;P_D1;5190;271;514;122;9;40;0;0;1
P_E6;P_E2;5190;2596;514;258;9;30;0;4160;1
P_E6;R_X1;5190;257;514;33;9;21;0;6144;1
P_E6;P_I1;5190;767;514;194;9;30;0;0;0
P_E6;P_J1;5190;35;514;37;9;28;0;0;0
P_E6;R_H1;5190;173;514;33;9;37;0;3072;1
P_E6;R_I1;5190;1026;514;258;9;45;0;16;1
P_E6;P_H1;5190;75;514;25;9;35;0;512;0
P_E6;S_M1;5190;67;514;258;9;32;0;0;1
P_E6;P_F1;5190;130;514;258;9;23;0;0;0
P_E6;P_G3;5190;188;514;37;9;24;0;0;0
R_J4;S_O1;125;258;34;66;13;63;4096;512;1
R_J4;P_E8;125;2596;34;258;13;37;4096;4484;1
R_J4;R_X2;125;257;34;33;13;19;4096;5120;0
R_J4;R_D2;125;22;34;194;13;50;4096;8728;1
R_J4;P_D1;125;271;34;122;13;40;4096;0;0
R_J4;P_E2;125;2596;34;258;13;30;4096;4160;0
R_J4;R_X1;125;257;34;33;13;21;4096;6144;0
R_J4;P_I1;125;767;34;194;13;30;4096;0;0
R_J4;P_J1;125;35;34;37;13;28;4096;0;1
R_J4;R_H1;125;173;34;33;13;37;4096;3072;0
R_J4;R_I1;125;1026;34;258;13;45;4096;16;1
R_J4;P_H1;125;75;34;25;13;35;4096;512;1
R_J4;P_F1;125;130;34;258;13;23;4096;0;1
R_J4;P_G3;125;188;34;37;13;24;4096;0;0
R_A1;P_E8;6002;2596;258;258;28;37;0;4484;0
R_A1;P_D1;6002;271;258;122;28;40;0;0;1
R_A1;P_E2;6002;2596;258;258;28;30;0;4160;0
R_A1;P_I1;6002;767;258;194;28;30;0;0;0
R_A1;R_H1;6002;173;258;33;28;37;0;3072;0
R_A1;P_H1;6002;75;258;25;28;35;0;512;0
R_A1;S_M1;6002;67;258;258;28;32;0;0;0
S_J6;S_O1;66;258;258;66;12;63;16;512;1
S_J6;P_E8;66;2596;258;258;12;37;16;4484;1
S_J6;R_X2;66;257;258;33;12;19;16;5120;0
S_J6;R_D2;66;22;258;194;12;50;16;8728;1
S_J6;P_D1;66;271;258;122;12;40;16;0;1
S_J6;P_E2;66;2596;258;258;12;30;16;4160;1
S_J6;R_X1;66;257;258;33;12;21;16;6144;0
S_J6;P_J1;66;35;258;37;12;28;16;0;0
S_J6;R_H1;66;173;258;33;12;37;16;3072;0
S_J6;R_I1;66;1026;258;258;12;45;16;16;0
S_J6;P_H1;66;75;258;25;12;35;16;512;0
S_I1;S_O1;66;258;258;66;12;63;0;512;1
S_I1;P_E8;66;2596;258;258;12;37;0;4484;1
S_I1;P_D1;66;271;258;122;12;40;0;0;1
S_I1;R_X1;66;257;258;33;12;21;0;6144;0
S_I1;P_J1;66;35;258;37;12;28;0;0;0
S_I1;R_H1;66;173;258;33;12;37;0;3072;0
S_I1;R_I1;66;1026;258;258;12;45;0;16;0
S_I1;P_H1;66;75;258;25;12;35;0;512;0
R_J7;S_O1;125;258;34;66;15;63;4096;512;1
R_J7;P_E8;125;2596;34;258;15;37;4096;4484;0
R_J7;R_X2;125;257;34;33;15;19;4096;5120;0
R_J7;R_D2;125;22;34;194;15;50;4096;8728;0
R_J7;P_D1;125;271;34;122;15;40;4096;0;0
R_J7;P_E2;125;2596;34;258;15;30;4096;4160;0
R_J7;R_X1;125;257;34;33;15;21;4096;6144;0
R_J7;P_I1;125;767;34;194;15;30;4096;0;0
R_J7;P_J1;125;35;34;37;15;28;4096;0;0
R_J7;R_H1;125;173;34;33;15;37;4096;3072;0
R_J7;R_I1;125;1026;34;258;15;45;4096;16;0
R_J7;P_H1;125;75;34;25;15;35;4096;512;1
R_J7;P_F1;125;130;34;258;15;23;4096;0;0
R_J7;P_G3;125;188;34;37;15;24;4096;0;0
S_I2;P_E8;66;2596;258;258;14;37;0;4484;1
S_I2;P_D1;66;271;258;122;14;40;0;0;1
S_I2;R_X1;66;257;258;33;14;21;0;6144;0
S_I2;R_H1;66;173;258;33;14;37;0;3072;0
S_I2;P_H1;66;75;258;25;14;35;0;512;0
S_L1;P_E8;258;2596;130;258;28;37;512;4484;0
S_L1;P_D1;258;271;130;122;28;40;512;0;1
S_L1;R_X1;258;257;130;33;28;21;512;6144;0
S_L1;R_H1;258;173;130;33;28;37;512;3072;0
S_L1;P_H1;258;75;130;25;28;35;512;512;0
R_A2;P_E8;10002;2596;258;258;27;37;0;4484;0
R_A2;P_D1;10002;271;258;122;27;40;0;0;1
R_A2;P_E2;10002;2596;258;258;27;30;0;4160;1
R_A2;P_I1;10002;767;258;194;27;30;0;0;0
R_A2;R_H1;10002;173;258;33;27;37;0;3072;0
R_A2;P_H1;10002;75;258;25;27;35;0;512;0
R_B2;S_O1;4098;258;33;66;20;63;0;512;1
R_B2;P_E8;4098;2596;33;258;20;37;0;4484;1
R_B2;R_X2;4098;257;33;33;20;19;0;5120;0
R_B2;R_D2;4098;22;33;194;20;50;0;8728;0
R_B2;P_D1;4098;271;33;122;20;40;0;0;0
R_B2;P_E2;4098;2596;33;258;20;30;0;4160;1
R_B2;R_X1;4098;257;33;33;20;21;0;6144;0
R_B2;P_J1;4098;35;33;37;20;28;0;0;0
R_B2;R_H1;4098;173;33;33;20;37;0;3072;0
R_B2;R_I1;4098;1026;33;258;20;45;0;16;1
R_B2;P_H1;4098;75;33;25;20;35;0;512;0
R_B2;P_F1;4098;130;33;258;20;23;0;0;0
R_B2;P_G3;4098;188;33;37;20;24;0;0;0
P_C1;S_O1;66;258;514;66;16;63;4096;512;0
P_C1;P_E8;66;2596;514;258;16;37;4096;4484;1
P_C1;P_D1;66;271;514;122;16;40;4096;0;1
P_C1;R_H1;66;173;514;33;16;37;4096;3072;0
P_C1;R_I1;66;1026;514;258;16;45;4096;16;0
P_C1;P_H1;66;75;514;25;16;35;4096;512;0
S_K5;P_E8;514;2596;258;258;16;37;4224;4484;0
S_K5;R_D2;514;22;258;194;16;50;4224;8728;0
S_K5;P_D1;514;271;258;122;16;40;4224;0;0
S_K5;P_E2;514;2596;258;258;16;30;4224;4160;0
S_K5;R_X1;514;257;258;33;16;21;4224;6144;0
S_K5;P_J1;514;35;258;37;16;28;4224;0;0
S_K5;R_H1;514;173;258;33;16;37;4224;3072;0
S_K5;R_I1;514;1026;258;258;16;45;4224;16;0
S_K5;P_H1;514;75;258;25;16;35;4224;512;0
S_J1;P_E6;66;5190;258;514;16;9;0;0;1
S_J1;R_J4;66;125;258;34;16;13;0;4096;1
S_J1;R_J7;66;125;258;34;16;15;0;4096;0
P_C4;P_E6;67;5190;500;514;17;9;0;0;1
P_C4;R_J4;67;125;500;34;17;13;0;4096;1
P_C4;R_J7;67;125;500;34;17;15;0;4096;0
P_C4;R_B2;67;4098;500;33;17;20;0;0;0
P_E6;P_C4;5190;67;514;500;9;17;0;0;1
P_E6;P_E6;5190;5190;514;514;9;9;0;0;1
P_E6;R_J4;5190;125;514;34;9;13;0;4096;0
P_E6;R_A1;5190;6002;514;258;9;28;0;0;0
P_E6;S_J6;5190;66;514;258;9;12;0;16;1
P_E6;S_I1;5190;66;514;258;9;12;0;0;1
P_E6;R_J7;5190;125;514;34;9;15;0;4096;0
P_E6;S_I2;5190;66;514;258;9;14;0;0;1
P_E6;S_L1;5190;258;514;130;9;28;0;512;1
P_E6;R_A2;5190;10002;514;258;9;27;0;0;0
P_E6;R_B2;5190;4098;514;33;9;20;0;0;1
P_E6;P_C1;5190;66;514;514;9;16;0;4096;1
P_E6;S_K5;5190;514;514;258;9;16;0;4224;1
R_J4;S_J1;125;66;34;258;13;16;4096;0;1
R_J4;P_C4;125;67;34;500;13;17;4096;0;1
R_J4;P_E6;125;5190;34;514;13;9;4096;0;0
R_J4;R_J4;125;125;34;34;13;13;4096;4096;1
R_J4;R_A1;125;6002;34;258;13;28;4096;0;0
R_J4;S_J6;125;66;34;258;13;12;4096;16;1
R_J4;S_I1;125;66;34;258;13;12;4096;0;0
R_J4;S_I2;125;66;34;258;13;14;4096;0;0
R_J4;S_L1;125;258;34;130;13;28;4096;512;1
R_J4;R_A2;125;10002;34;258;13;27;4096;0;0
R_J4;R_B2;125;4098;34;33;13;20;4096;0;0
R_J4;P_C1;125;66;34;514;13;16;4096;4096;1
R_J4;S_K5;125;514;34;258;13;16;4096;4224;0
R_A1;P_E6;6002;5190;258;514;28;9;0;0;0
R_A1;R_J4;6002;125;258;34;28;13;0;4096;0
R_A1;R_A1;6002;6002;258;258;28;28;0;0;0
R_A1;R_J7;6002;125;258;34;28;15;0;4096;0
R_A1;R_A2;6002;10002;258;258;28;27;0;0;0
R_A1;R_B2;6002;4098;258;33;28;20;0;0;0
R_A1;P_C1;6002;66;258;514;28;16;0;4096;0
S_J6;P_E6;66;5190;258;514;12;9;16;0;1
S_J6;R_J4;66;125;258;34;12;13;16;4096;1
S_J6;R_J7;66;125;258;34;12;15;16;4096;0
S_J6;R_B2;66;4098;258;33;12;20;16;0;0
S_I1;P_E6;66;5190;258;514;12;9;0;0;1
S_I1;R_J4;66;125;258;34;12;13;0;4096;0
R_J7;S_J1;125;66;34;258;15;16;4096;0;0
R_J7;P_C4;125;67;34;500;15;17;4096;0;0
R_J7;P_E6;125;5190;34;514;15;9;4096;0;0
R_J7;R_A1;125;6002;34;258;15;28;4096;0;0
R_J7;S_I1;125;66;34;258;15;12;4096;0;0
R_J7;R_J7;125;125;34;34;15;15;4096;4096;1
R_J7;S_L1;125;258;34;130;15;28;4096;512;0
R_J7;R_A2;125;10002;34;258;15;27;4096;0;0
R_J7;R_B2;125;4098;34;33;15;20;4096;0;0
R_J7;P_C1;125;66;34;514;15;16;4096;4096;0
R_J7;S_K5;125;514;34;258;15;16;4096;4224;0
S_I2;P_E6;66;5190;258;514;14;9;0;0;1
S_L1;P_E6;258;5190;130;514;28;9;512;0;1
S_L1;R_J4;258;125;130;34;28;13;512;4096;1
R_A2;P_E6;10002;5190;258;514;27;9;0;0;0
R_A2;R_J4;10002;125;258;34;27;13;0;4096;0
R_A2;R_A1;10002;6002;258;258;27;28;0;0;0
R_A2;R_J7;10002;125;258;34;27;15;0;4096;0
R_A2;R_A2;10002;10002;258;258;27;27;0;0;0
R_A2;R_B2;10002;4098;258;33;27;20;0;0;0
R_B2;S_J1;4098;66;33;258;20;16;0;0;0
R_B2;R_J4;4098;125;33;34;20;13;0;4096;1
R_B2;R_A1;4098;6002;33;258;20;28;0;0;0
R_B2;S_J6;4098;66;33;258;20;12;0;16;0
R_B2;R_J7;4098;125;33;34;20;15;0;4096;0
R_B2;S_K5;4098;514;33;258;20;16;0;4224;0
P_C1;R_J4;66;125;514;34;16;13;4096;4096;1
P_C1;R_J7;66;125;514;34;16;15;4096;4096;0
S_K5;P_E6;514;5190;258;514;16;9;4224;0;1
S_K5;R_J4;514;125;258;34;16;13;4224;4096;0
S_K5;R_J7;514;125;258;34;16;15;4224;4096;0
S_K5;R_B2;514;4098;258;33;16;20;4224;0;0
S_J1;S_P4;66;34;258;130;16;40;0;0;0
S_J1;S_P38;66;34;258;130;16;48;0;0;0
S_J1;S_P37;66;34;258;130;16;40;0;0;0
S_J1;S_P40;66;34;258;130;16;56;0;0;0
P_C4;S_P4;67;34;500;130;17;40;0;0;1
P_C4;S_P38;67;34;500;130;17;48;0;0;1
P_C4;S_P37;67;34;500;130;17;40;0;0;1
P_C4;S_P40;67;34;500;130;17;56;0;0;1
P_E6;S_P15;5190;110;514;130;9;24;0;0;1
P_E6;S_P4;5190;34;514;130;9;40;0;0;1
P_E6;S_P5;5190;110;514;130;9;40;0;0;0
P_E6;S_E2;5190;17;514;21;9;48;0;4352;1
P_E6;S_E4;5190;17;514;21;9;48;0;4352;1
P_E6;S_P38;5190;34;514;130;9;48;0;0;0
P_E6;S_P16;5190;110;514;130;9;36;0;0;1
P_E6;S_P37;5190;34;514;130;9;40;0;0;0
P_E6;S_D3;5190;130;514;66;9;56;0;4608;1
P_E6;S_P22;5190;110;514;130;9;56;0;0;1
P_E6;S_D5;5190;130;514;66;9;56;0;4608;1
P_E6;S_P40;5190;34;514;130;9;56;0;0;0
P_E6;S_P19;5190;110;514;130;9;41;0;0;1
P_E6;S_O3;5190;258;514;66;9;25;0;0;0
P_E6;S_P9;5190;110;514;130;9;36;0;0;0
R_J4;S_P15;125;110;34;130;13;24;4096;0;1
R_J4;S_P4;125;34;34;130;13;40;4096;0;1
R_J4;S_P5;125;110;34;130;13;40;4096;0;0
R_J4;S_P38;125;34;34;130;13;48;4096;0;1
R_J4;S_P16;125;110;34;130;13;36;4096;0;1
R_J4;S_P37;125;34;34;130;13;40;4096;0;1
R_J4;S_D3;125;130;34;66;13;56;4096;4608;1
R_J4;S_P22;125;110;34;130;13;56;4096;0;1
R_J4;S_D5;125;130;34;66;13;56;4096;4608;1
R_J4;S_P40;125;34;34;130;13;56;4096;0;1
R_J4;S_P19;125;110;34;130;13;41;4096;0;1
R_J4;S_O3;125;258;34;66;13;25;4096;0;1
R_J4;S_P9;125;110;34;130;13;36;4096;0;1
R_A1;S_P15;6002;110;258;130;28;24;0;0;0
R_A1;S_P5;6002;110;258;130;28;40;0;0;0
R_A1;S_E2;6002;17;258;21;28;48;0;4352;0
R_A1;S_P16;6002;110;258;130;28;36;0;0;0
R_A1;S_P22;6002;110;258;130;28;56;0;0;1
R_A1;S_P40;6002;34;258;130;28;56;0;0;0
R_A1;S_P19;6002;110;258;130;28;41;0;0;0
R_A1;S_O3;6002;258;258;66;28;25;0;0;0
S_J6;S_P4;66;34;258;130;12;40;16;0;0
S_J6;S_P38;66;34;258;130;12;48;16;0;1
S_J6;S_P37;66;34;258;130;12;40;16;0;1
S_J6;S_P40;66;34;258;130;12;56;16;0;1
S_I1;S_P4;66;34;258;130;12;40;0;0;0
S_I1;S_P38;66;34;258;130;12;48;0;0;0
S_I1;S_P37;66;34;258;130;12;40;0;0;0
S_I1;S_P40;66;34;258;130;12;56;0;0;0
S_I1;S_O3;66;258;258;66;12;25;0;0;0
R_J7;S_P15;125;110;34;130;15;24;4096;0;0
R_J7;S_P4;125;34;34;130;15;40;4096;0;1
R_J7;S_P5;125;110;34;130;15;40;4096;0;0
R_J7;S_P38;125;34;34;130;15;48;4096;0;0
R_J7;S_P16;125;110;34;130;15;36;4096;0;0
R_J7;S_P37;125;34;34;130;15;40;4096;0;0
R_J7;S_P22;125;110;34;130;15;56;4096;0;0
R_J7;S_D5;125;130;34;66;15;56;4096;4608;0
R_J7;S_P40;125;34;34;130;15;56;4096;0;1
R_J7;S_P19;125;110;34;130;15;41;4096;0;0
R_J7;S_O3;125;258;34;66;15;25;4096;0;0
R_J7;S_P9;125;110;34;130;15;36;4096;0;0
S_I2;S_E2;66;17;258;21;14;48;0;4352;1
S_I2;S_E4;66;17;258;21;14;48;0;4352;1
S_I2;S_P22;66;110;258;130;14;56;0;0;1
S_I2;S_P9;66;110;258;130;14;36;0;0;0
S_L1;S_P15;258;110;130;130;28;24;512;0;0
R_A2;S_E2;10002;17;258;21;27;48;0;4352;0
R_A2;S_E4;10002;17;258;21;27;48;0;4352;0
R_B2;S_P15;4098;110;33;130;20;24;0;0;0
R_B2;S_P38;4098;34;33;130;20;48;0;0;1
R_B2;S_P16;4098;110;33;130;20;36;0;0;0
R_B2;S_P37;4098;34;33;130;20;40;0;0;1
R_B2;S_D3;4098;130;33;66;20;56;0;4608;0
R_B2;S_P22;4098;110;33;130;20;56;0;0;1
R_B2;S_D5;4098;130;33;66;20;56;0;4608;0
R_B2;S_P40;4098;34;33;130;20;56;0;0;1
R_B2;S_P19;4098;110;33;130;20;41;0;0;1
P_C1;S_P4;66;34;514;130;16;40;4096;0;0
P_C1;S_P38;66;34;514;130;16;48;4096;0;0
P_C1;S_P37;66;34;514;130;16;40;4096;0;1
P_C1;S_P40;66;34;514;130;16;56;4096;0;0
S_K5;S_P4;514;34;258;130;16;40;4224;0;0
S_K5;S_P38;514;34;258;130;16;48;4224;0;0
S_K5;S_P37;514;34;258;130;16;40;4224;0;0
S_P15;R_N1;110;3;130;18;24;32;0;1024;1
S_P15;R_S3;110;4;130;514;24;23;0;16;1
S_P15;R_T1;110;10;130;130;24;10;0;0;0
S_P15;S_O4;110;3;130;66;24;48;0;776;0
S_P4;R_S3;34;4;130;514;40;23;0;16;1
S_P4;P_K1;34;3;130;258;40;28;0;13312;1
S_P4;S_K4;34;10;130;258;40;8;0;16;0
S_P4;S_K1;34;10;130;258;40;14;0;2048;0
S_P4;R_T1;34;10;130;130;40;10;0;0;0
S_P4;R_S4;34;4;130;514;40;10;0;0;1
S_P4;S_L8;34;10;130;130;40;20;0;0;1
S_P4;S_J5;34;3;130;258;40;8;0;0;0
S_P4;S_O2;34;3;130;3;40;10;0;0;1
S_P4;S_O4;34;3;130;66;40;48;0;776;1
S_P4;R_E2;34;3;130;514;40;14;0;0;1
S_P4;R_P1;34;4;130;34;40;78;0;0;1
S_P5;R_N1;110;3;130;18;40;32;0;1024;0
S_P5;R_S3;110;4;130;514;40;23;0;16;0
S_P5;R_T1;110;10;130;130;40;10;0;0;0
S_P5;S_O4;110;3;130;66;40;48;0;776;0
S_P38;R_S3;34;4;130;514;48;23;0;16;1
S_P38;R_T1;34;10;130;130;48;10;0;0;1
S_P38;R_S4;34;4;130;514;48;10;0;0;1
S_P38;S_L8;34;10;130;130;48;20;0;0;1
S_P38;S_J5;34;3;130;258;48;8;0;0;0
S_P38;S_O2;34;3;130;3;48;10;0;0;1
S_P38;S_O4;34;3;130;66;48;48;0;776;0
S_P38;R_E2;34;3;130;514;48;14;0;0;1
S_P38;R_P1;34;4;130;34;48;78;0;0;1
S_P16;R_S3;110;4;130;514;36;23;0;16;0
S_P16;S_O2;110;3;130;3;36;10;0;0;1
S_P16;S_O4;110;3;130;66;36;48;0;776;0
S_P37;R_S3;34;4;130;514;40;23;0;16;0
S_P37;R_T1;34;10;130;130;40;10;0;0;0
S_P37;R_S4;34;4;130;514;40;10;0;0;1
S_P37;S_O4;34;3;130;66;40;48;0;776;1
S_P37;R_P1;34;4;130;34;40;78;0;0;0
S_D3;R_S3;130;4;66;514;56;23;4608;16;1
S_D3;R_T1;130;10;66;130;56;10;4608;0;0
S_D3;S_O4;130;3;66;66;56;48;4608;776;1
S_P22;R_S3;110;4;130;514;56;23;0;16;1
S_P22;R_T1;110;10;130;130;56;10;0;0;0
S_P22;R_S4;110;4;130;514;56;10;0;0;0
S_P22;S_O4;110;3;130;66;56;48;0;776;0
S_D5;R_S3;130;4;66;514;56;23;4608;16;1
S_D5;R_T1;130;10;66;130;56;10;4608;0;0
S_D5;S_O4;130;3;66;66;56;48;4608;776;1
S_P40;R_S3;34;4;130;514;56;23;0;16;1
S_P40;R_T1;34;10;130;130;56;10;0;0;1
S_P40;R_S4;34;4;130;514;56;10;0;0;1
S_P40;S_L8;34;10;130;130;56;20;0;0;0
S_P40;S_O4;34;3;130;66;56;48;0;776;1
S_P40;R_P1;34;4;130;34;56;78;0;0;1
S_P19;R_S3;110;4;130;514;41;23;0;16;1
S_P19;R_T1;110;10;130;130;41;10;0;0;0
S_P19;R_S4;110;4;130;514;41;10;0;0;0
S_P19;S_O4;110;3;130;66;41;48;0;776;0
S_P9;R_S3;110;4;130;514;36;23;0;16;0
S_P9;S_O4;110;3;130;66;36;48;0;776;0
S_P15;S_O1;110;258;130;66;24;63;0;512;0
S_P15;P_E8;110;2596;130;258;24;37;0;4484;1
S_P15;R_X2;110;257;130;33;24;19;0;5120;0
S_P15;R_X1;110;257;130;33;24;21;0;6144;0
S_P15;R_H1;110;173;130;33;24;37;0;3072;0
S_P15;R_I1;110;1026;130;258;24;45;0;16;1
S_P15;P_H1;110;75;130;25;24;35;0;512;0
S_P4;S_O1;34;258;130;66;40;63;0;512;1
S_P4;P_E8;34;2596;130;258;40;37;0;4484;1
S_P4;R_X2;34;257;130;33;40;19;0;5120;1
S_P4;R_D2;34;22;130;194;40;50;0;8728;1
S_P4;P_D1;34;271;130;122;40;40;0;0;0
S_P4;P_E2;34;2596;130;258;40;30;0;4160;1
S_P4;R_X1;34;257;130;33;40;21;0;6144;0
S_P4;P_J1;34;35;130;37;40;28;0;0;1
S_P4;R_H1;34;173;130;33;40;37;0;3072;0
S_P4;R_I1;34;1026;130;258;40;45;0;16;1
S_P4;P_H1;34;75;130;25;40;35;0;512;1
S_P4;P_F1;34;130;130;258;40;23;0;0;1
S_P4;P_G3;34;188;130;37;40;24;0;0;1
S_P5;S_O1;110;258;130;66;40;63;0;512;0
S_P5;P_E8;110;2596;130;258;40;37;0;4484;1
S_P5;P_D1;110;271;130;122;40;40;0;0;0
S_P5;R_X1;110;257;130;33;40;21;0;6144;0
S_P5;P_J1;110;35;130;37;40;28;0;0;0
S_P5;R_H1;110;173;130;33;40;37;0;3072;0
S_P5;R_I1;110;1026;130;258;40;45;0;16;0
S_P5;P_H1;110;75;130;25;40;35;0;512;0
S_P5;P_F1;110;130;130;258;40;23;0;0;0
S_P5;P_G3;110;188;130;37;40;24;0;0;0
S_E2;P_E8;17;2596;21;258;48;37;4352;4484;1
S_E2;R_H1;17;173;21;33;48;37;4352;3072;0
S_E2;P_H1;17;75;21;25;48;35;4352;512;0
S_E4;P_E8;17;2596;21;258;48;37;4352;4484;0
S_E4;P_E2;17;2596;21;258;48;30;4352;4160;0
S_E4;R_H1;17;173;21;33;48;37;4352;3072;0
S_E4;P_H1;17;75;21;25;48;35;4352;512;0
S_P38;S_O1;34;258;130;66;48;63;0;512;1
S_P38;P_E8;34;2596;130;258;48;37;0;4484;1
S_P38;R_X2;34;257;130;33;48;19;0;5120;1
S_P38;R_D2;34;22;130;194;48;50;0;8728;1
S_P38;P_D1;34;271;130;122;48;40;0;0;0
S_P38;R_X1;34;257;130;33;48;21;0;6144;0
S_P38;P_J1;34;35;130;37;48;28;0;0;1
S_P38;R_H1;34;173;130;33;48;37;0;3072;0
S_P38;R_I1;34;1026;130;258;48;45;0;16;1
S_P38;P_H1;34;75;130;25;48;35;0;512;1
S_P38;P_F1;34;130;130;258;48;23;0;0;1
S_P38;P_G3;34;188;130;37;48;24;0;0;1
S_P16;P_E8;110;2596;130;258;36;37;0;4484;1
S_P16;R_X2;110;257;130;33;36;19;0;5120;0
S_P16;P_D1;110;271;130;122;36;40;0;0;0
S_P16;R_X1;110;257;130;33;36;21;0;6144;0
S_P16;R_I1;110;1026;130;258;36;45;0;16;1
S_P16;P_H1;110;75;130;25;36;35;0;512;0
S_P37;S_O1;34;258;130;66;40;63;0;512;1
S_P37;P_E8;34;2596;130;258;40;37;0;4484;1
S_P37;R_X2;34;257;130;33;40;19;0;5120;1
S_P37;R_D2;34;22;130;194;40;50;0;8728;1
S_P37;P_D1;34;271;130;122;40;40;0;0;0
S_P37;P_E2;34;2596;130;258;40;30;0;4160;0
S_P37;P_J1;34;35;130;37;40;28;0;0;1
S_P37;R_H1;34;173;130;33;40;37;0;3072;0
S_P37;R_I1;34;1026;130;258;40;45;0;16;1
S_P37;P_H1;34;75;130;25;40;35;0;512;1
S_P37;P_F1;34;130;130;258;40;23;0;0;1
S_P37;P_G3;34;188;130;37;40;24;0;0;1
S_D3;S_O1;130;258;66;66;56;63;4608;512;1
S_D3;P_E8;130;2596;66;258;56;37;4608;4484;0
S_D3;R_X2;130;257;66;33;56;19;4608;5120;0
S_D3;P_D1;130;271;66;122;56;40;4608;0;1
S_D3;R_I1;130;1026;66;258;56;45;4608;16;0
S_D3;P_H1;130;75;66;25;56;35;4608;512;0
S_P22;P_E8;110;2596;130;258;56;37;0;4484;1
S_P22;R_X2;110;257;130;33;56;19;0;5120;0
S_P22;R_D2;110;22;130;194;56;50;0;8728;1
S_P22;P_D1;110;271;130;122;56;40;0;0;0
S_P22;R_X1;110;257;130;33;56;21;0;6144;0
S_P22;R_H1;110;173;130;33;56;37;0;3072;0
S_P22;R_I1;110;1026;130;258;56;45;0;16;1
S_P22;P_H1;110;75;130;25;56;35;0;512;0
S_P22;P_G3;110;188;130;37;56;24;0;0;0
S_D5;S_O1;130;258;66;66;56;63;4608;512;1
S_D5;P_E8;130;2596;66;258;56;37;4608;4484;0
S_D5;R_X2;130;257;66;33;56;19;4608;5120;0
S_D5;R_X1;130;257;66;33;56;21;4608;6144;0
S_P40;S_O1;34;258;130;66;56;63;0;512;1
S_P40;P_E8;34;2596;130;258;56;37;0;4484;1
S_P40;R_X2;34;257;130;33;56;19;0;5120;1
S_P40;R_D2;34;22;130;194;56;50;0;8728;1
S_P40;P_D1;34;271;130;122;56;40;0;0;1
S_P40;P_E2;34;2596;130;258;56;30;0;4160;0
S_P40;R_X1;34;257;130;33;56;21;0;6144;0
S_P40;P_J1;34;35;130;37;56;28;0;0;1
S_P40;R_H1;34;173;130;33;56;37;0;3072;1
S_P40;P_H1;34;75;130;25;56;35;0;512;1
S_P40;P_F1;34;130;130;258;56;23;0;0;1
S_P40;P_G3;34;188;130;37;56;24;0;0;1
S_P19;P_E8;110;2596;130;258;41;37;0;4484;1
S_P19;R_X2;110;257;130;33;41;19;0;5120;0
S_P19;P_D1;110;271;130;122;41;40;0;0;0
S_P19;R_X1;110;257;130;33;41;21;0;6144;0
S_P19;R_H1;110;173;130;33;41;37;0;3072;0
S_P19;R_I1;110;1026;130;258;41;45;0;16;1
S_P19;P_H1;110;75;130;25;41;35;0;512;0
S_O3;P_E8;258;2596;66;258;25;37;0;4484;1
S_O3;R_X2;258;257;66;33;25;19;0;5120;0
S_O3;P_D1;258;271;66;122;25;40;0;0;0
S_O3;R_X1;258;257;66;33;25;21;0;6144;0
S_O3;R_H1;258;173;66;33;25;37;0;3072;0
S_O3;P_H1;258;75;66;25;25;35;0;512;1
S_P9;S_O1;110;258;130;66;36;63;0;512;0
S_P9;P_E8;110;2596;130;258;36;37;0;4484;1
S_P9;R_X2;110;257;130;33;36;19;0;5120;0
S_P9;R_H1;110;173;130;33;36;37;0;3072;0
S_P9;P_H1;110;75;130;25;36;35;0;512;0
S_P15;P_E6;110;5190;130;514;24;9;0;0;1
S_P15;R_J4;110;125;130;34;24;13;0;4096;1
S_P15;R_J7;110;125;130;34;24;15;0;4096;0
S_P15;R_B2;110;4098;130;33;24;20;0;0;1
S_P4;S_J1;34;66;130;258;40;16;0;0;0
S_P4;P_C4;34;67;130;500;40;17;0;0;1
S_P4;P_E6;34;5190;130;514;40;9;0;0;1
S_P4;R_J4;34;125;130;34;40;13;0;4096;1
S_P4;S_J6;34;66;130;258;40;12;0;16;1
S_P4;R_J7;34;125;130;34;40;15;0;4096;1
S_P4;R_B2;34;4098;130;33;40;20;0;0;1
S_P4;P_C1;34;66;130;514;40;16;0;4096;0
S_P4;S_K5;34;514;130;258;40;16;0;4224;0
S_P5;P_E6;110;5190;130;514;40;9;0;0;0
S_P5;R_J4;110;125;130;34;40;13;0;4096;1
S_P5;R_B2;110;4098;130;33;40;20;0;0;0
S_E2;P_E6;17;5190;21;514;48;9;4352;0;1
S_E2;R_A1;17;6002;21;258;48;28;4352;0;0
S_E4;P_E6;17;5190;21;514;48;9;4352;0;1
S_E4;R_A1;17;6002;21;258;48;28;4352;0;0
S_P38;S_J1;34;66;130;258;48;16;0;0;0
S_P38;P_C4;34;67;130;500;48;17;0;0;1
S_P38;P_E6;34;5190;130;514;48;9;0;0;0
S_P38;R_J4;34;125;130;34;48;13;0;4096;1
S_P38;R_A1;34;6002;130;258;48;28;0;0;0
S_P38;S_J6;34;66;130;258;48;12;0;16;1
S_P38;S_I1;34;66;130;258;48;12;0;0;0
S_P38;R_J7;34;125;130;34;48;15;0;4096;0
S_P38;R_B2;34;4098;130;33;48;20;0;0;1
S_P38;S_K5;34;514;130;258;48;16;0;4224;0
S_P16;P_E6;110;5190;130;514;36;9;0;0;1
S_P16;R_J4;110;125;130;34;36;13;0;4096;1
S_P16;R_A1;110;6002;130;258;36;28;0;0;0
S_P16;R_J7;110;125;130;34;36;15;0;4096;0
S_P16;R_B2;110;4098;130;33;36;20;0;0;0
S_P37;S_J1;34;66;130;258;40;16;0;0;0
S_P37;P_C4;34;67;130;500;40;17;0;0;1
S_P37;P_E6;34;5190;130;514;40;9;0;0;0
S_P37;R_J4;34;125;130;34;40;13;0;4096;1
S_P37;R_A1;34;6002;130;258;40;28;0;0;0
S_P37;S_J6;34;66;130;258;40;12;0;16;1
S_P37;S_I1;34;66;130;258;40;12;0;0;0
S_P37;R_B2;34;4098;130;33;40;20;0;0;1
S_P37;P_C1;34;66;130;514;40;16;0;4096;1
S_P37;S_K5;34;514;130;258;40;16;0;4224;0
S_D3;P_E6;130;5190;66;514;56;9;4608;0;1
S_D3;R_J4;130;125;66;34;56;13;4608;4096;1
S_D3;R_A1;130;6002;66;258;56;28;4608;0;0
S_D3;R_J7;130;125;66;34;56;15;4608;4096;0
S_D3;R_B2;130;4098;66;33;56;20;4608;0;0
S_P22;P_E6;110;5190;130;514;56;9;0;0;1
S_P22;R_J4;110;125;130;34;56;13;0;4096;1
S_P22;R_A1;110;6002;130;258;56;28;0;0;1
S_P22;R_J7;110;125;130;34;56;15;0;4096;0
S_P22;R_B2;110;4098;130;33;56;20;0;0;1
S_D5;P_E6;130;5190;66;514;56;9;4608;0;1
S_D5;R_J4;130;125;66;34;56;13;4608;4096;1
S_D5;R_B2;130;4098;66;33;56;20;4608;0;0
S_P40;S_J1;34;66;130;258;56;16;0;0;0
S_P40;P_C4;34;67;130;500;56;17;0;0;1
S_P40;P_E6;34;5190;130;514;56;9;0;0;0
S_P40;R_J4;34;125;130;34;56;13;0;4096;1
S_P40;R_A1;34;6002;130;258;56;28;0;0;0
S_P40;S_J6;34;66;130;258;56;12;0;16;1
S_P40;S_I1;34;66;130;258;56;12;0;0;0
S_P40;R_J7;34;125;130;34;56;15;0;4096;0
S_P40;R_B2;34;4098;130;33;56;20;0;0;1
S_P40;P_C1;34;66;130;514;56;16;0;4096;0
S_P40;S_K5;34;514;130;258;56;16;0;4224;0
S_P19;P_E6;110;5190;130;514;41;9;0;0;1
S_P19;R_J4;110;125;130;34;41;13;0;4096;1
S_P19;R_A1;110;6002;130;258;41;28;0;0;0
S_P19;R_J7;110;125;130;34;41;15;0;4096;0
S_P19;R_B2;110;4098;130;33;41;20;0;0;0
S_O3;P_E6;258;5190;66;514;25;9;0;0;0
S_O3;R_J4;258;125;66;34;25;13;0;4096;1
S_O3;R_J7;258;125;66;34;25;15;0;4096;0
S_P9;P_E6;110;5190;130;514;36;9;0;0;0
S_P9;R_J4;110;125;130;34;36;13;0;4096;1
S_P9;R_J7;110;125;130;34;36;15;0;4096;0
S_P15;S_P4;110;34;130;130;24;40;0;0;1
S_P4;S_P15;34;110;130;130;40;24;0;0;1
S_P4;S_P4;34;34;130;130;40;40;0;0;1
S_P4;S_P38;34;34;130;130;40;48;0;0;1
S_P4;S_P16;34;110;130;130;40;36;0;0;1
S_P4;S_D3;34;130;130;66;40;56;0;4608;0
S_P4;S_P22;34;110;130;130;40;56;0;0;1
S_P4;S_D5;34;130;130;66;40;56;0;4608;0
S_P4;S_P40;34;34;130;130;40;56;0;0;1
S_P4;S_P19;34;110;130;130;40;41;0;0;1
S_P4;S_P9;34;110;130;130;40;36;0;0;0
S_P5;S_P4;110;34;130;130;40;40;0;0;0
S_P38;S_P4;34;34;130;130;48;40;0;0;1
S_P38;S_P5;34;110;130;130;48;40;0;0;0
S_P38;S_P38;34;34;130;130;48;48;0;0;1
S_P38;S_P16;34;110;130;130;48;36;0;0;0
S_P38;S_D3;34;130;130;66;48;56;0;4608;0
S_P38;S_P22;34;110;130;130;48;56;0;0;1
S_P38;S_D5;34;130;130;66;48;56;0;4608;0
S_P38;S_P19;34;110;130;130;48;41;0;0;0
S_P16;S_P4;110;34;130;130;36;40;0;0;0
S_P16;S_P38;110;34;130;130;36;48;0;0;0
S_D3;S_P4;130;34;66;130;56;40;4608;0;1
S_D3;S_P38;130;34;66;130;56;48;4608;0;0
S_P22;S_P4;110;34;130;130;56;40;0;0;1
S_P22;S_P38;110;34;130;130;56;48;0;0;1
S_D5;S_P4;130;34;66;130;56;40;4608;0;0
S_D5;S_P38;130;34;66;130;56;48;4608;0;0
S_P40;S_P4;34;34;130;130;56;40;0;0;1
S_P40;S_P40;34;34;130;130;56;56;0;0;1
S_P19;S_P4;110;34;130;130;41;40;0;0;1
S_P19;S_P38;110;34;130;130;41;48;0;0;1
S_P9;S_P4;110;34;130;130;36;40;0;0;0
